51.9634248	6.2909494	Terborgseweg	7005BA	4
51.9477832	6.3056377	Havenstraat	7005AG	138
51.9484941	6.3046679	Hogeweide	7005AG	132
51.9488646	6.3034964	Havenstraat	7005AG	126
51.9589554	6.2902112	Stationsstraat	7005AT	48
51.9366060	6.3244309	Gaanderenseweg	7005GD	386
51.9360879	6.3263132	Gaanderenseweg	7005GD	392
51.9542858	6.3000853	Gildenbroederslaan	7005BM	1
51.9500691	6.2920061	Gildenstraat	7005BL	1
51.9483959	6.3033869	Hogeweide	7005AV	1
51.9566854	6.2952651	Industriestraat	7005AN	1
51.9469014	6.2985988	Roerstraat	7005BS	1
51.9564377	6.2954456	Ambachtstraat	7005AM	10
51.9559665	6.3003427	Fabriekstraat	7005AR	10
51.9543817	6.3012531	Gezellenlaan	7005AZ	10
51.9496538	6.2923871	Gildenstraat	7005BL	10
51.9578600	6.2885173	Havenstraat	7005AG	10
51.9480766	6.3030705	Hogeweide	7005AV	10
51.9527140	6.3037973	Koopmanslaan	7005BK	10
51.9497075	6.2927475	Gildenstraat	7005BL	10-01
51.9497509	6.2930336	Gildenstraat	7005BL	10-02
51.9496629	6.2929329	Gildenstraat	7005BL	10-03
51.9479794	6.3009972	Havenstraat	7005AG	100
51.9480350	6.3011339	Havenstraat	7005AG	100A
51.9475953	6.3016210	Havenstraat	7005AG	100B
51.9574621	6.2986604	Terborgseweg	7005BC	106
51.9481997	6.3015307	Havenstraat	7005AG	108
51.9570562	6.2995060	Terborgseweg	7005BC	108
51.9480841	6.3028806	Hogeweide	7005AV	10A
51.9480211	6.3031331	Hogeweide	7005AV	10B
51.9537358	6.3024233	Gezellenlaan	7005AX	11
51.9556160	6.2937998	Industriestraat	7005AN	11
51.9522442	6.2938456	Nijverheidsweg	7005AS	11
51.9458506	6.3007366	Roerstraat	7005BS	11
51.9514246	6.2920145	Vlijtstraat	7005BN	11
51.9564846	6.2987936	Terborgseweg	7005BC	110
51.9482255	6.3016028	Havenstraat	7005AG	110A
51.9482253	6.3016030	Havenstraat	7005AG	110B
51.9482252	6.3016031	Havenstraat	7005AG	112
51.9563992	6.2982815	Terborgseweg	7005BC	112
51.9482250	6.3016033	Havenstraat	7005AG	112A
51.9565465	6.3005586	Terborgseweg	7005BC	114
51.9468727	6.3039593	Hogeweide	7005AV	115
51.9565028	6.3006515	Terborgseweg	7005BC	116
51.9465286	6.3036305	Hogeweide	7005AV	119
51.9557185	6.2937054	Industriestraat	7005AN	11A
51.9557628	6.2997287	Fabriekstraat	7005AR	12
51.9539535	6.3015466	Gezellenlaan	7005AZ	12
51.9497395	6.2932443	Gildenstraat	7005BL	12
51.9478637	6.3034649	Hogeweide	7005AV	12
51.9529772	6.3035562	Koopmanslaan	7005BK	12
51.9520965	6.2932301	Nijverheidsweg	7005BJ	12
51.9484416	6.3022940	Havenstraat	7005AG	120
51.9482647	6.3020292	Havenstraat	7005AG	120A
51.9487103	6.3029981	Havenstraat	7005AG	122
51.9487526	6.3031075	Havenstraat	7005AG	122A
51.9488341	6.3033330	Havenstraat	7005AG	124
51.9453255	6.3027413	Hogeweide	7005AV	125
51.9489673	6.3039544	Havenstraat	7005AG	128
51.9536217	6.3024928	Gezellenlaan	7005AX	13
51.9558569	6.2944941	Industriestraat	7005AN	13
51.9487953	6.3042972	Havenstraat	7005AG	130
51.9481084	6.3052279	Havenstraat	7005AG	136
51.9544818	6.3026237	Terborgseweg	7005BD	138
51.9559143	6.2946137	Industriestraat	7005AN	13B
51.9556706	6.2947463	Industriestraat	7005AN	13C
51.9563309	6.2962033	Ambachtstraat	7005AM	14
51.9556764	6.2993149	Fabriekstraat	7005AR	14
51.9497992	6.2934519	Gildenstraat	7005BL	14
51.9512553	6.2936381	Nijverheidsweg	7005BJ	14
51.9542079	6.3029110	Terborgseweg	7005BD	140
51.9473702	6.3062379	Havenstraat	7005AG	142
51.9474204	6.3065000	Havenstraat	7005AG	146
51.9474685	6.3065907	Havenstraat	7005AG	148
51.9538982	6.3031424	Terborgseweg	7005BD	148
51.9562745	6.2969831	Ambachtstraat	7005AM	15
51.9550455	6.2984696	Fabriekstraat	7005AP	15
51.9535637	6.3025318	Gezellenlaan	7005AX	15
51.9515421	6.2896844	Havenstraat	7005AG	15
51.9561838	6.2929909	Industriestraat	7005AN	15
51.9520411	6.2940335	Nijverheidsweg	7005AS	15
51.9490207	6.3048430	Havenstraat	7005AG	150
51.9536639	6.3033570	Terborgseweg	7005BD	150
51.9489687	6.3050586	Havenstraat	7005AG	152
51.9535991	6.3034010	Terborgseweg	7005BD	152
51.9534426	6.3035290	Terborgseweg	7005BD	154
51.9533166	6.3036453	Terborgseweg	7005BD	156
51.9532766	6.3036774	Terborgseweg	7005BD	158
51.9561237	6.2930870	Industriestraat	7005AN	15A
51.9519826	6.2940568	Nijverheidsweg	7005AS	15A
51.9560848	6.2931235	Industriestraat	7005AN	15B
51.9560457	6.2931592	Industriestraat	7005AN	15C
51.9560067	6.2931954	Industriestraat	7005AN	15D
51.9559677	6.2932314	Industriestraat	7005AN	15E
51.9561280	6.2963976	Ambachtstraat	7005AM	16
51.9555723	6.2983699	Fabriekstraat	7005AR	16
51.9511268	6.2939182	Nijverheidsweg	7005BJ	16
51.9510890	6.2922761	Vlijtstraat	7005BN	16
51.9554898	6.2979275	Fabriekstraat	7005AR	16-01
51.9554166	6.2975999	Fabriekstraat	7005AR	16-02
51.9555129	6.2974306	Fabriekstraat	7005AR	16-03
51.9556532	6.2973270	Fabriekstraat	7005AR	16-04
51.9560732	6.2963500	Ambachtstraat	7005AM	16A
51.9560732	6.2963498	Ambachtstraat	7005AM	16B
51.9560733	6.2963496	Ambachtstraat	7005AM	16C
51.9543863	6.2982217	Fabriekstraat	7005AP	17
51.9534456	6.3026111	Gezellenlaan	7005AX	17
51.9511394	6.2898486	Havenstraat	7005AG	17
51.9456831	6.2991504	Roerstraat	7005BS	17
51.9518030	6.2943726	Vlijtstraat	7005BN	17
51.9549042	6.2975384	Fabriekstraat	7005AP	17A
51.9558411	6.2929873	Industriestraat	7005AN	17A
51.9454166	6.2986293	Roerstraat	7005BS	17A
51.9540670	6.2976100	Fabriekstraat	7005AP	17B
51.9540750	6.2984111	Fabriekstraat	7005AP	17C
51.9555880	6.2932445	Industriestraat	7005AN	17C
51.9540758	6.2968846	Fabriekstraat	7005AP	17E
51.9541795	6.2968482	Fabriekstraat	7005AP	17F
51.9552850	6.2968662	Fabriekstraat	7005AR	18
51.9554460	6.2879404	Havenstraat	7005AG	18
51.9509746	6.2940331	Nijverheidsweg	7005BJ	18
51.9509756	6.2915404	Vlijtstraat	7005BN	18
51.9471060	6.3069983	Terborgseweg	7005BD	180
51.9546989	6.2970558	Fabriekstraat	7005AP	19
51.9533824	6.3026535	Gezellenlaan	7005AX	19
51.9503182	6.2937519	Gildenstraat	7005BL	19
51.9506110	6.2902542	Havenstraat	7005AG	19
51.9558747	6.2921166	Industriestraat	7005AN	19
51.9510295	6.2947931	Nijverheidsweg	7005AS	19
51.9547000	6.2964343	Fabriekstraat	7005AP	19A
51.9543657	6.2973890	Fabriekstraat	7005AP	19B
51.9537405	6.2971856	Fabriekstraat	7005AP	19D
51.9566726	6.2950520	Industriestraat	7005AN	1B
51.9566758	6.2951053	Industriestraat	7005AN	1D
51.9538043	6.2998586	Gildenbroederslaan	7005BM	2
51.9584442	6.2890442	Havenstraat	7005AG	2
51.9462580	6.2958784	Kajuitstraat	7005BP	2
51.9551962	6.2960788	Fabriekstraat	7005AR	20
51.9508716	6.2940725	Nijverheidsweg	7005BJ	20
51.9551172	6.2949596	Fabriekstraat	7005AR	20A
51.9553055	6.2949453	Fabriekstraat	7005AR	20B
51.9546505	6.2959619	Fabriekstraat	7005AP	21
51.9532546	6.3027542	Gezellenlaan	7005AX	21
51.9505299	6.2903530	Havenstraat	7005AG	21
51.9505984	6.2950957	Nijverheidsweg	7005AS	21
51.9521907	6.2946638	Vlijtstraat	7005BN	21
51.9504617	6.2904151	Havenstraat	7005AG	21A
51.9556112	6.2966742	Ambachtstraat	7005AM	22
51.9507071	6.2942299	Nijverheidsweg	7005BJ	22
51.9549791	6.2947946	Fabriekstraat	7005AR	22A
51.9531952	6.3027947	Gezellenlaan	7005AX	23
51.9504044	6.2942811	Gildenstraat	7005BL	23
51.9558066	6.2919160	Industriestraat	7005AN	23
51.9557032	6.2916174	Industriestraat	7005AN	23B
51.9549678	6.2947178	Fabriekstraat	7005AR	24
51.9545034	6.2881477	Havenstraat	7005AG	24
51.9551441	6.2945385	Fabriekstraat	7005AR	24A
51.9552885	6.2944869	Fabriekstraat	7005AR	24B
51.9555376	6.2943965	Fabriekstraat	7005AR	24D
51.9554533	6.2938569	Fabriekstraat	7005AR	24E
51.9553393	6.2938955	Fabriekstraat	7005AR	24F
51.9552210	6.2939410	Fabriekstraat	7005AR	24G
51.9550857	6.2939996	Fabriekstraat	7005AR	24H
51.9550954	6.2947703	Fabriekstraat	7005AR	24I
51.9507479	6.2967808	Gildenstraat	7005BL	25
51.9554779	6.2912080	Industriestraat	7005AN	25
51.9522547	6.3036283	Koopmanslaan	7005BK	25
51.9520130	6.2960584	Vlijtstraat	7005BN	25
51.9549211	6.2944022	Fabriekstraat	7005AR	26
51.9497229	6.2949490	Nijverheidsweg	7005BJ	26
51.9548349	6.2938143	Fabriekstraat	7005AR	26A
51.9547920	6.2936329	Fabriekstraat	7005AR	26B
51.9509850	6.2985694	Gildenstraat	7005BL	27
51.9502484	6.2908627	Havenstraat	7005AG	27
51.9520786	6.3030675	Koopmanslaan	7005BK	27
51.9496833	6.2957865	Nijverheidsweg	7005AS	27
51.9521346	6.3030307	Koopmanslaan	7005BK	27A
51.9520997	6.3030063	Koopmanslaan	7005BK	27B
51.9521014	6.3029641	Koopmanslaan	7005BK	27C
51.9500738	6.2910464	Havenstraat	7005AG	29
51.9519691	6.3032342	Koopmanslaan	7005BK	29
51.9583018	6.2890338	Havenstraat	7005AG	2A
51.9467014	6.2955181	Kajuitstraat	7005BP	2A
51.9465583	6.2956997	Kajuitstraat	7005BP	2B
51.9576592	6.2980141	Ambachtstraat	7005AM	3
51.9538590	6.3003623	Gildenbroederslaan	7005BM	3
51.9568482	6.2888680	Havenstraat	7005AG	3
51.9482750	6.3035425	Hogeweide	7005AV	3
51.9510847	6.3046463	Koopmanslaan	7005BK	3-002
51.9510845	6.3046463	Koopmanslaan	7005BK	3-003
51.9510843	6.3046463	Koopmanslaan	7005BK	3-004
51.9510841	6.3046463	Koopmanslaan	7005BK	3-005
51.9510839	6.3046462	Koopmanslaan	7005BK	3-006
51.9510837	6.3046462	Koopmanslaan	7005BK	3-100
51.9510835	6.3046462	Koopmanslaan	7005BK	3-101
51.9510833	6.3046462	Koopmanslaan	7005BK	3-102
51.9510831	6.3046462	Koopmanslaan	7005BK	3-103
51.9510829	6.3046462	Koopmanslaan	7005BK	3-104
51.9510827	6.3046461	Koopmanslaan	7005BK	3-105
51.9510825	6.3046461	Koopmanslaan	7005BK	3-106
51.9510823	6.3046461	Koopmanslaan	7005BK	3-107
51.9510821	6.3046461	Koopmanslaan	7005BK	3-108
51.9510819	6.3046461	Koopmanslaan	7005BK	3-111
51.9510817	6.3046461	Koopmanslaan	7005BK	3-113
51.9510815	6.3046460	Koopmanslaan	7005BK	3-115
51.9510813	6.3046460	Koopmanslaan	7005BK	3-117
51.9510811	6.3046460	Koopmanslaan	7005BK	3-119
51.9510809	6.3046460	Koopmanslaan	7005BK	3-121
51.9510807	6.3046460	Koopmanslaan	7005BK	3-122
51.9510805	6.3046460	Koopmanslaan	7005BK	3-123
51.9510803	6.3046459	Koopmanslaan	7005BK	3-124
51.9510801	6.3046459	Koopmanslaan	7005BK	3-125
51.9510799	6.3046459	Koopmanslaan	7005BK	3-126
51.9510797	6.3046459	Koopmanslaan	7005BK	3-200
51.9510795	6.3046459	Koopmanslaan	7005BK	3-201
51.9510793	6.3046459	Koopmanslaan	7005BK	3-202
51.9510791	6.3046458	Koopmanslaan	7005BK	3-203
51.9510789	6.3046458	Koopmanslaan	7005BK	3-204
51.9510787	6.3046458	Koopmanslaan	7005BK	3-205
51.9510785	6.3046458	Koopmanslaan	7005BK	3-206
51.9510783	6.3046458	Koopmanslaan	7005BK	3-207
51.9510781	6.3046458	Koopmanslaan	7005BK	3-211
51.9510779	6.3046457	Koopmanslaan	7005BK	3-212
51.9510777	6.3046457	Koopmanslaan	7005BK	3-213
51.9510775	6.3046457	Koopmanslaan	7005BK	3-214
51.9510773	6.3046457	Koopmanslaan	7005BK	3-215
51.9510771	6.3046457	Koopmanslaan	7005BK	3-216
51.9510769	6.3046457	Koopmanslaan	7005BK	3-217
51.9510767	6.3046456	Koopmanslaan	7005BK	3-218
51.9510765	6.3046456	Koopmanslaan	7005BK	3-219
51.9510763	6.3046456	Koopmanslaan	7005BK	3-221
51.9510761	6.3046456	Koopmanslaan	7005BK	3-223
51.9510759	6.3046456	Koopmanslaan	7005BK	3-224
51.9510757	6.3046456	Koopmanslaan	7005BK	3-301
51.9510755	6.3046456	Koopmanslaan	7005BK	3-302
51.9510753	6.3046455	Koopmanslaan	7005BK	3-303
51.9510751	6.3046455	Koopmanslaan	7005BK	3-304
51.9510749	6.3046455	Koopmanslaan	7005BK	3-305
51.9510747	6.3046455	Koopmanslaan	7005BK	3-306
51.9510745	6.3046455	Koopmanslaan	7005BK	3-307
51.9510743	6.3046455	Koopmanslaan	7005BK	3-308
51.9510741	6.3046454	Koopmanslaan	7005BK	3-309
51.9510739	6.3046454	Koopmanslaan	7005BK	3-311
51.9510737	6.3046454	Koopmanslaan	7005BK	3-312
51.9510735	6.3046454	Koopmanslaan	7005BK	3-314
51.9510733	6.3046454	Koopmanslaan	7005BK	3-315
51.9510731	6.3046454	Koopmanslaan	7005BK	3-316
51.9510729	6.3046453	Koopmanslaan	7005BK	3-317
51.9510727	6.3046453	Koopmanslaan	7005BK	3-318
51.9547257	6.2930076	Fabriekstraat	7005AR	30
51.9533586	6.2881044	Havenstraat	7005AG	30
51.9554626	6.2899961	Industriestraat	7005AN	30
51.9544718	6.2948205	Fabriekstraat	7005AP	31
51.9494268	6.2916325	Havenstraat	7005AG	31
51.9549359	6.2898168	Industriestraat	7005AN	31
51.9513542	6.3039090	Koopmanslaan	7005BK	31
51.9513080	6.3039127	Koopmanslaan	7005BK	31-01
51.9513081	6.3039125	Koopmanslaan	7005BK	31-02
51.9513081	6.3039123	Koopmanslaan	7005BK	31-03
51.9513082	6.3039121	Koopmanslaan	7005BK	31-04
51.9513082	6.3039119	Koopmanslaan	7005BK	31-05
51.9513083	6.3039117	Koopmanslaan	7005BK	31-06
51.9513084	6.3039116	Koopmanslaan	7005BK	31-07
51.9513084	6.3039114	Koopmanslaan	7005BK	31-08
51.9493043	6.2917070	Havenstraat	7005AG	31A
51.9493229	6.2918480	Havenstraat	7005AG	31B
51.9493447	6.2919944	Havenstraat	7005AG	31C
51.9493633	6.2921300	Havenstraat	7005AG	31D
51.9546876	6.2927745	Fabriekstraat	7005AR	32
51.9552504	6.2888353	Industriestraat	7005AN	32
51.9553029	6.2893867	Industriestraat	7005AN	32A
51.9543891	6.2942006	Fabriekstraat	7005AP	33
51.9491217	6.2918915	Havenstraat	7005AG	33
51.9549452	6.2896607	Industriestraat	7005AN	33
51.9492357	6.2960471	Nijverheidsweg	7005AS	33
51.9490709	6.2919118	Havenstraat	7005AG	35
51.9548520	6.2892962	Industriestraat	7005AN	35
51.9551386	6.2921771	Fabriekstraat	7005AR	36
51.9486771	6.2932841	Havenstraat	7005AG	37
51.9546016	6.2922535	Fabriekstraat	7005AR	38
51.9542404	6.2932479	Fabriekstraat	7005AP	39
51.9502031	6.3010867	Gildenstraat	7005BL	39
51.9483095	6.2928019	Havenstraat	7005AG	39
51.9541364	6.2929115	Fabriekstraat	7005AP	39-01
51.9537028	6.2930833	Fabriekstraat	7005AP	39-02
51.9534915	6.2931965	Fabriekstraat	7005AP	39-03
51.9532988	6.2932632	Fabriekstraat	7005AP	39-04
51.9533368	6.2935050	Fabriekstraat	7005AP	39-05
51.9577896	6.2972926	Ambachtstraat	7005AM	4
51.9535055	6.2998109	Gildenbroederslaan	7005BM	4
51.9516398	6.3043918	Koopmanslaan	7005BK	4
51.9546828	6.2918205	Fabriekstraat	7005AR	40
51.9521551	6.2980937	Vlijtstraat	7005BN	40
51.9477344	6.2954452	Havenstraat	7005AG	41
51.9484480	6.2966656	Nijverheidsweg	7005AS	41
51.9544401	6.2902134	Fabriekstraat	7005AR	42
51.9500747	6.3014359	Gildenstraat	7005BL	43
51.9477703	6.2971865	Havenstraat	7005AG	43
51.9541610	6.2894654	Fabriekstraat	7005AP	47
51.9496060	6.3017756	Gildenstraat	7005BL	47
51.9506757	6.3016139	Vlijtstraat	7005BN	47
51.9513712	6.2888407	Havenstraat	7005AG	48
51.9540662	6.2890907	Fabriekstraat	7005AP	49
51.9505977	6.3014269	Vlijtstraat	7005BN	49
51.9502754	6.2935204	Gildenstraat	7005BL	5
51.9562701	6.2885165	Havenstraat	7005AG	5
51.9563968	6.2937263	Industriestraat	7005AN	5
51.9458854	6.2989372	Roerstraat	7005BS	5
51.9511779	6.2905656	Vlijtstraat	7005BN	5
51.9519506	6.2996589	Vlijtstraat	7005BN	50
51.9522072	6.2997866	Vlijtstraat	7005BN	50A
51.9523777	6.2994357	Vlijtstraat	7005BN	50B
51.9520751	6.2994697	Vlijtstraat	7005BN	50C
51.9520750	6.2994699	Vlijtstraat	7005BN	50D
51.9493265	6.3021885	Gildenstraat	7005BL	51
51.9481268	6.2998620	Havenstraat	7005AG	51
51.9511332	6.2889667	Havenstraat	7005AG	52
51.9482875	6.3003229	Havenstraat	7005AG	53
51.9505275	6.3011630	Vlijtstraat	7005BN	53
51.9519488	6.3011471	Vlijtstraat	7005BN	54
51.9485050	6.3008971	Havenstraat	7005AG	55
51.9486992	6.3014961	Havenstraat	7005AG	57
51.9488388	6.3016687	Havenstraat	7005AG	57A
51.9507568	6.3031239	Vlijtstraat	7005BN	58
51.9491559	6.3026768	Havenstraat	7005AG	59
51.9568239	6.2886714	Havenstraat	7005AG	5A
51.9563436	6.2935190	Industriestraat	7005AN	5A
51.9568175	6.2884662	Havenstraat	7005AG	5B
51.9561388	6.2936538	Industriestraat	7005AN	5B
51.9567388	6.2886350	Havenstraat	7005AG	5C
51.9560666	6.3006971	Fabriekstraat	7005AR	6
51.9533711	6.2999558	Gildenbroederslaan	7005BM	6
51.9520829	6.3042115	Koopmanslaan	7005BK	6
51.9505246	6.3034314	Vlijtstraat	7005BN	60
51.9506314	6.3033121	Vlijtstraat	7005BN	60-01
51.9497492	6.2904199	Havenstraat	7005AG	62
51.9497059	6.3040298	Havenstraat	7005AG	63
51.9488857	6.2912830	Havenstraat	7005AG	64
51.9488206	6.2913318	Havenstraat	7005AG	66
51.9486344	6.2914648	Havenstraat	7005AG	68
51.9540049	6.3022507	Gezellenlaan	7005AX	7
51.9556481	6.2886511	Havenstraat	7005AG	7
51.9513138	6.2907835	Vlijtstraat	7005BN	7
51.9469486	6.2933168	Havenstraat	7005AG	70
51.9453924	6.2940102	Havenstraat	7005AG	70A
51.9463926	6.2941751	Havenstraat	7005AG	72
51.9467564	6.2941213	Havenstraat	7005AG	74A
51.9468600	6.2946412	Havenstraat	7005AG	74B
51.9469754	6.2952986	Havenstraat	7005AG	76
51.9557742	6.2889156	Havenstraat	7005AG	7A
51.9560115	6.3005260	Fabriekstraat	7005AR	8
51.9523526	6.3040155	Koopmanslaan	7005BK	8
51.9537932	6.3023831	Gezellenlaan	7005AX	9
51.9557394	6.2941094	Industriestraat	7005AN	9
51.9452907	6.2960027	Kajuitstraat	7005BP	9
51.9462491	6.3010833	Roerstraat	7005BS	9
51.9513788	6.2911983	Vlijtstraat	7005BN	9
51.9531985	6.2890238	Havenstraat	7005AG	9-01
51.9530668	6.2890703	Havenstraat	7005AG	9-02
51.9529561	6.2891057	Havenstraat	7005AG	9-03
51.9477647	6.3004648	Havenstraat	7005AG	90
51.9477646	6.3004650	Havenstraat	7005AG	92
51.9613075	6.2928685	Melkweg	7005AH	1
51.9625386	6.2911378	Spinbaan	7005AD	10
51.9629958	6.2913848	Terborgseweg	7005BA	10-01
51.9629959	6.2913846	Terborgseweg	7005BA	10-02
51.9629960	6.2913844	Terborgseweg	7005BA	10-03
51.9629961	6.2913843	Terborgseweg	7005BA	10-04
51.9629962	6.2913841	Terborgseweg	7005BA	10-05
51.9629963	6.2913839	Terborgseweg	7005BA	10-06
51.9629964	6.2913837	Terborgseweg	7005BA	10-07
51.9629965	6.2913836	Terborgseweg	7005BA	10-08
51.9629965	6.2913834	Terborgseweg	7005BA	10-09
51.9629966	6.2913832	Terborgseweg	7005BA	10-10
51.9629967	6.2913830	Terborgseweg	7005BA	10-11
51.9629968	6.2913829	Terborgseweg	7005BA	10-12
51.9629969	6.2913827	Terborgseweg	7005BA	10-13
51.9629970	6.2913825	Terborgseweg	7005BA	10-14
51.9629971	6.2913823	Terborgseweg	7005BA	10-15
51.9629972	6.2913821	Terborgseweg	7005BA	10-16
51.9629973	6.2913820	Terborgseweg	7005BA	10-17
51.9629974	6.2913818	Terborgseweg	7005BA	10-18
51.9629975	6.2913816	Terborgseweg	7005BA	10-19
51.9629976	6.2913814	Terborgseweg	7005BA	10-20
51.9629977	6.2913813	Terborgseweg	7005BA	10-21
51.9611221	6.2902002	C Missetstraat	7005AA	11
51.9621483	6.2908732	Spinbaan	7005AD	11
51.9624760	6.2910158	Spinbaan	7005AD	12
51.9610611	6.2902566	C Missetstraat	7005AA	13
51.9620778	6.2907444	Spinbaan	7005AD	13
51.9629002	6.2914693	Terborgseweg	7005BA	18
51.9628263	6.2915467	Terborgseweg	7005BA	18A
51.9627718	6.2915541	Terborgseweg	7005BA	18B
51.9607694	6.2904845	C Missetstraat	7005AA	19
51.9618655	6.2902143	Spinbaan	7005AD	19
51.9614686	6.2926628	Melkweg	7005AH	2
51.9625654	6.2917451	Terborgseweg	7005BA	20
51.9623750	6.2917166	Terborgseweg	7005BA	20-01
51.9623855	6.2917142	Terborgseweg	7005BA	20-02
51.9623960	6.2917118	Terborgseweg	7005BA	20-03
51.9624065	6.2917094	Terborgseweg	7005BA	20-04
51.9624169	6.2917069	Terborgseweg	7005BA	20-05
51.9624274	6.2917045	Terborgseweg	7005BA	20-06
51.9624379	6.2917021	Terborgseweg	7005BA	20-07
51.9624484	6.2916997	Terborgseweg	7005BA	20-08
51.9624589	6.2916973	Terborgseweg	7005BA	20-09
51.9624694	6.2916949	Terborgseweg	7005BA	20-10
51.9624798	6.2916925	Terborgseweg	7005BA	20-11
51.9624903	6.2916900	Terborgseweg	7005BA	20-12
51.9625008	6.2916876	Terborgseweg	7005BA	20-13
51.9625113	6.2916852	Terborgseweg	7005BA	20-14
51.9625218	6.2916828	Terborgseweg	7005BA	20-15
51.9625323	6.2916804	Terborgseweg	7005BA	20-16
51.9625427	6.2916780	Terborgseweg	7005BA	20-17
51.9625532	6.2916756	Terborgseweg	7005BA	20-18
51.9606598	6.2905909	C Missetstraat	7005AA	21
51.9618310	6.2900863	Spinbaan	7005AD	21A
51.9618063	6.2900015	Spinbaan	7005AD	21B
51.9617842	6.2899256	Spinbaan	7005AD	21C
51.9624255	6.2919286	Terborgseweg	7005BA	22
51.9617142	6.2896636	Spinbaan	7005AD	23
51.9617547	6.2898105	Spinbaan	7005AD	23A
51.9622477	6.2919640	Terborgseweg	7005BA	24-01
51.9622158	6.2920762	Terborgseweg	7005BA	24-02
51.9622190	6.2920650	Terborgseweg	7005BA	24-10
51.9622222	6.2920538	Terborgseweg	7005BA	24-11
51.9622254	6.2920425	Terborgseweg	7005BA	24-12
51.9622286	6.2920313	Terborgseweg	7005BA	24-20
51.9622317	6.2920201	Terborgseweg	7005BA	24-21
51.9622349	6.2920089	Terborgseweg	7005BA	24-22
51.9622381	6.2919976	Terborgseweg	7005BA	24-30
51.9622413	6.2919864	Terborgseweg	7005BA	24-31
51.9622445	6.2919752	Terborgseweg	7005BA	24-32
51.9621110	6.2922246	Terborgseweg	7005BA	24B
51.9618962	6.2921901	Terborgseweg	7005BA	26
51.9614290	6.2925752	Melkweg	7005AH	2A
51.9627023	6.2914722	Spinbaan	7005AD	2A
51.9614531	6.2925479	Melkweg	7005AH	2B
51.9614787	6.2925168	Melkweg	7005AH	2C
51.9612408	6.2927144	Melkweg	7005AH	3
51.9618632	6.2925563	Terborgseweg	7005BA	30
51.9618286	6.2925256	Terborgseweg	7005BA	30A
51.9616368	6.2924932	Terborgseweg	7005BA	32A
51.9616367	6.2924930	Terborgseweg	7005BA	32C
51.9616366	6.2924928	Terborgseweg	7005BA	32D
51.9617002	6.2926403	Terborgseweg	7005BA	34
51.9616462	6.2925237	Terborgseweg	7005BA	36A
51.9612794	6.2928038	Melkweg	7005AH	3A
51.9613496	6.2923997	Melkweg	7005AH	4
51.9626278	6.2913195	Spinbaan	7005AD	4
51.9613234	6.2929957	Terborgseweg	7005BB	40
51.9608936	6.2933637	Terborgseweg	7005BB	44
51.9612769	6.2922395	Melkweg	7005AH	4A
51.9627809	6.2900969	Kommedwarssteeg	7005AC	51
51.9627642	6.2900369	Kommedwarssteeg	7005AC	53
51.9627449	6.2899831	Kommedwarssteeg	7005AC	55
51.9600456	6.2942755	Terborgseweg	7005BB	56A
51.9627240	6.2899206	Kommedwarssteeg	7005AC	57
51.9600036	6.2944488	Terborgseweg	7005BB	58
51.9627025	6.2898586	Kommedwarssteeg	7005AC	59
51.9615923	6.2897323	C Missetstraat	7005AA	5B
51.9616418	6.2896860	C Missetstraat	7005AA	5C
51.9612709	6.2920762	Melkweg	7005AH	6
51.9625981	6.2912589	Spinbaan	7005AD	6
51.9632430	6.2911472	Terborgseweg	7005BA	6
51.9598464	6.2946339	Terborgseweg	7005BB	60A
51.9626803	6.2898100	Kommedwarssteeg	7005AC	61
51.9597982	6.2947435	Terborgseweg	7005BB	62
51.9626611	6.2897446	Kommedwarssteeg	7005AC	63
51.9597493	6.2948342	Terborgseweg	7005BB	64
51.9626413	6.2896937	Kommedwarssteeg	7005AC	65
51.9626180	6.2896297	Kommedwarssteeg	7005AC	67
51.9596107	6.2950863	Terborgseweg	7005BB	68
51.9625976	6.2895793	Kommedwarssteeg	7005AC	69
51.9614139	6.2919365	Melkweg	7005AH	6A
51.9632099	6.2910643	Terborgseweg	7005BA	6A
51.9613361	6.2899622	C Missetstraat	7005AA	7
51.9623104	6.2911747	Spinbaan	7005AD	7
51.9595682	6.2951609	Terborgseweg	7005BB	70
51.9625766	6.2895215	Kommedwarssteeg	7005AC	71
51.9625611	6.2894592	Kommedwarssteeg	7005AC	73
51.9622348	6.2897471	Kommedwarssteeg	7005AC	75
51.9622534	6.2898130	Kommedwarssteeg	7005AC	77
51.9622738	6.2898653	Kommedwarssteeg	7005AC	79
51.9612045	6.2920877	Melkweg	7005AH	8
51.9625683	6.2911984	Spinbaan	7005AD	8
51.9585892	6.2961233	Stationsplein	7005AK	8
51.9631746	6.2912134	Terborgseweg	7005BA	8
51.9622924	6.2899235	Kommedwarssteeg	7005AC	81
51.9623156	6.2899913	Kommedwarssteeg	7005AC	83
51.9623354	6.2900475	Kommedwarssteeg	7005AC	85
51.9623550	6.2901157	Kommedwarssteeg	7005AC	87
51.9623779	6.2901658	Kommedwarssteeg	7005AC	89
51.9614374	6.2915647	Melkweg	7005AH	8A
51.9611069	6.2917976	Melkweg	7005AH	8B
51.9612916	6.2900028	C Missetstraat	7005AA	9
51.9620354	6.2914367	Spinbaan	7005AD	9
51.9623977	6.2902240	Kommedwarssteeg	7005AC	91
51.9624157	6.2902782	Kommedwarssteeg	7005AC	93
51.9624418	6.2903427	Kommedwarssteeg	7005AC	95
51.9624558	6.2903964	Kommedwarssteeg	7005AC	97
51.9619806	6.2912612	Spinbaan	7005AD	9A
51.9437169	6.3042160	Boekeltweg	7005GA	10
51.9435500	6.3043032	Boekeltweg	7005GA	12
51.9433846	6.3041906	Boekeltweg	7005GA	14
51.9430420	6.3043335	Boekeltweg	7005GA	16
51.9390760	6.3059951	Oudesluisweg	7005GC	3
51.9422942	6.3132729	Gaanderenseweg	7005GD	312
51.9405254	6.3166831	Gaanderenseweg	7005GD	340
51.9398248	6.3184788	Gaanderenseweg	7005GD	344
51.9397399	6.3185832	Gaanderenseweg	7005GD	346
51.9396643	6.3186958	Gaanderenseweg	7005GD	348
51.9396061	6.3187567	Gaanderenseweg	7005GD	350
51.9395242	6.3188450	Gaanderenseweg	7005GD	352
51.9394249	6.3189737	Gaanderenseweg	7005GD	354
51.9386289	6.3200572	Gaanderenseweg	7005GD	360
51.9379244	6.3210320	Gaanderenseweg	7005GD	368
51.9377324	6.3214171	Gaanderenseweg	7005GD	372
51.9374581	6.3225019	Gaanderenseweg	7005GD	378
51.9418785	6.3079868	Kemnaderallee	7005GA	5
51.9418427	6.3079522	Kemnaderallee	7005GA	5A
51.9407561	6.3108576	Oudesluisweg	7005GA	9
51.9404247	6.3105467	Oudesluisweg	7005GA	9A
51.9531980	6.2896899	Havenstraat	7005AG	11-01
51.9531980	6.2896901	Havenstraat	7005AG	11-02
51.9531980	6.2896903	Havenstraat	7005AG	11-03
51.9531980	6.2896905	Havenstraat	7005AG	11-04
51.9531980	6.2896907	Havenstraat	7005AG	11-05
51.9531980	6.2896909	Havenstraat	7005AG	11-06
51.9531980	6.2896911	Havenstraat	7005AG	11-07
51.9531980	6.2896913	Havenstraat	7005AG	11-08
51.9531980	6.2896915	Havenstraat	7005AG	11-09
51.9531980	6.2896917	Havenstraat	7005AG	11-10
51.9531980	6.2896919	Havenstraat	7005AG	11-11
51.9531980	6.2896921	Havenstraat	7005AG	11-12
51.9531980	6.2896923	Havenstraat	7005AG	11-13
51.9531980	6.2896925	Havenstraat	7005AG	11-14
51.9531980	6.2896927	Havenstraat	7005AG	11-15
51.9531980	6.2896929	Havenstraat	7005AG	11-16
51.9531980	6.2896931	Havenstraat	7005AG	11-17
51.9531981	6.2896933	Havenstraat	7005AG	11-18
51.9531981	6.2896935	Havenstraat	7005AG	11-19
51.9531981	6.2896937	Havenstraat	7005AG	11-20
51.9531981	6.2896939	Havenstraat	7005AG	11-21
51.9531981	6.2896941	Havenstraat	7005AG	11-22
51.9531981	6.2896943	Havenstraat	7005AG	11-23
51.9531981	6.2896945	Havenstraat	7005AG	11-24
51.9531981	6.2896947	Havenstraat	7005AG	11-25
51.9531981	6.2896949	Havenstraat	7005AG	11-26
51.9531981	6.2896951	Havenstraat	7005AG	11-27
51.9531981	6.2896953	Havenstraat	7005AG	11-28
51.9531981	6.2896955	Havenstraat	7005AG	11-29
51.9556442	6.3018163	Terborgseweg	7005BD	126
51.9542078	6.3029108	Terborgseweg	7005BD	142
51.9542077	6.3029106	Terborgseweg	7005BD	146
51.9536732	6.2968576	Fabriekstraat	7005AP	19C
51.9565101	6.2943297	Industriestraat	7005AN	3
51.9510865	6.3045635	Koopmanslaan	7005BK	3
51.9550566	6.2925722	Fabriekstraat	7005AR	32A
51.9551506	6.2923082	Fabriekstraat	7005AR	34
51.9520826	6.3007534	Vlijtstraat	7005BN	52
51.9487356	6.3014006	Havenstraat	7005AG	55A
51.9599974	6.2907164	Stationsstraat	7005AT	10A
51.9599339	6.2907787	Stationsstraat	7005AT	10B
51.9598752	6.2908410	Stationsstraat	7005AT	10C
51.9598188	6.2909034	Stationsstraat	7005AT	10D
51.9597564	6.2909695	Stationsstraat	7005AT	10E
51.9596989	6.2910338	Stationsstraat	7005AT	10F
51.9596341	6.2911018	Stationsstraat	7005AT	10G
51.9595766	6.2911641	Stationsstraat	7005AT	10H
51.9599880	6.2906989	Stationsstraat	7005AT	12A
51.9599222	6.2907592	Stationsstraat	7005AT	12B
51.9598646	6.2908215	Stationsstraat	7005AT	12C
51.9598094	6.2908859	Stationsstraat	7005AT	12D
51.9597471	6.2909481	Stationsstraat	7005AT	12E
51.9596871	6.2910162	Stationsstraat	7005AT	12F
51.9596248	6.2910823	Stationsstraat	7005AT	12G
51.9595672	6.2911447	Stationsstraat	7005AT	12H
51.9600014	6.2908204	Stationsstraat	7005AT	14
51.9593668	6.2913698	Stationsstraat	7005AT	16
51.9594515	6.2912745	Stationsstraat	7005AT	16A
51.9594244	6.2913016	Stationsstraat	7005AT	16B
51.9593092	6.2914398	Stationsstraat	7005AT	16C
51.9592516	6.2915022	Stationsstraat	7005AT	16D
51.9591964	6.2915665	Stationsstraat	7005AT	16E
51.9591424	6.2916309	Stationsstraat	7005AT	16F
51.9590848	6.2917009	Stationsstraat	7005AT	16G
51.9590237	6.2917651	Stationsstraat	7005AT	16H
51.9594138	6.2912841	Stationsstraat	7005AT	18A
51.9594421	6.2912570	Stationsstraat	7005AT	18B
51.9593623	6.2913370	Stationsstraat	7005AT	18C
51.9593478	6.2913598	Stationsstraat	7005AT	18D
51.9592998	6.2914223	Stationsstraat	7005AT	18E
51.9592411	6.2914827	Stationsstraat	7005AT	18F
51.9591859	6.2915490	Stationsstraat	7005AT	18G
51.9591319	6.2916114	Stationsstraat	7005AT	18H
51.9590754	6.2916873	Stationsstraat	7005AT	18J
51.9590143	6.2917476	Stationsstraat	7005AT	18K
51.9594021	6.2912627	Stationsstraat	7005AT	20A
51.9594328	6.2912376	Stationsstraat	7005AT	20B
51.9593541	6.2913214	Stationsstraat	7005AT	20C
51.9593396	6.2913442	Stationsstraat	7005AT	20D
51.9592893	6.2913990	Stationsstraat	7005AT	20E
51.9592317	6.2914614	Stationsstraat	7005AT	20F
51.9591753	6.2915315	Stationsstraat	7005AT	20G
51.9591189	6.2915919	Stationsstraat	7005AT	20H
51.9590660	6.2916698	Stationsstraat	7005AT	20J
51.9590037	6.2917301	Stationsstraat	7005AT	20K
51.9593903	6.2912452	Stationsstraat	7005AT	22A
51.9594222	6.2912200	Stationsstraat	7005AT	22B
51.9593424	6.2912981	Stationsstraat	7005AT	22C
51.9593243	6.2913228	Stationsstraat	7005AT	22D
51.9592775	6.2913796	Stationsstraat	7005AT	22E
51.9592188	6.2914438	Stationsstraat	7005AT	22F
51.9591635	6.2915120	Stationsstraat	7005AT	22G
51.9591084	6.2915725	Stationsstraat	7005AT	22H
51.9590555	6.2916503	Stationsstraat	7005AT	22J
51.9589920	6.2917126	Stationsstraat	7005AT	22K
51.9599816	6.2904543	C Missetstraat	7005AA	23
51.9592668	6.2915352	Stationsstraat	7005AT	24
51.9599596	6.2901845	C Missetstraat	7005AA	25
51.9598947	6.2901120	C Missetstraat	7005AA	27
51.9598508	6.2900996	C Missetstraat	7005AA	29
51.9589050	6.2915760	Stationsstraat	7005AT	30A
51.9589071	6.2914625	Stationsstraat	7005AT	30B
51.9589103	6.2913510	Stationsstraat	7005AT	30C
51.9589147	6.2912375	Stationsstraat	7005AT	30D
51.9589180	6.2911221	Stationsstraat	7005AT	30E
51.9589201	6.2910085	Stationsstraat	7005AT	30F
51.9589233	6.2908970	Stationsstraat	7005AT	30G
51.9589242	6.2907854	Stationsstraat	7005AT	30H
51.9589262	6.2906738	Stationsstraat	7005AT	30J
51.9598057	6.2900890	C Missetstraat	7005AA	31
51.9589193	6.2915763	Stationsstraat	7005AT	32A
51.9589213	6.2914647	Stationsstraat	7005AT	32B
51.9589258	6.2913513	Stationsstraat	7005AT	32C
51.9589290	6.2912378	Stationsstraat	7005AT	32D
51.9589311	6.2911223	Stationsstraat	7005AT	32E
51.9589343	6.2910108	Stationsstraat	7005AT	32F
51.9589376	6.2908973	Stationsstraat	7005AT	32G
51.9589396	6.2907857	Stationsstraat	7005AT	32H
51.9589393	6.2906740	Stationsstraat	7005AT	32J
51.9597618	6.2900805	C Missetstraat	7005AA	33
51.9589323	6.2915785	Stationsstraat	7005AT	34A
51.9589356	6.2914650	Stationsstraat	7005AT	34B
51.9589400	6.2913516	Stationsstraat	7005AT	34C
51.9589445	6.2912400	Stationsstraat	7005AT	34D
51.9589454	6.2911226	Stationsstraat	7005AT	34E
51.9589474	6.2910110	Stationsstraat	7005AT	34F
51.9589518	6.2908975	Stationsstraat	7005AT	34G
51.9589527	6.2907859	Stationsstraat	7005AT	34H
51.9589524	6.2906743	Stationsstraat	7005AT	34J
51.9597155	6.2900718	C Missetstraat	7005AA	35
51.9589514	6.2917290	Stationsstraat	7005AT	36
51.9596692	6.2900594	C Missetstraat	7005AA	37
51.9596277	6.2900470	C Missetstraat	7005AA	39
51.9595825	6.2900384	C Missetstraat	7005AA	41
51.9595362	6.2900297	C Missetstraat	7005AA	43
51.9594935	6.2900192	C Missetstraat	7005AA	45
51.9594472	6.2900068	C Missetstraat	7005AA	47
51.9591364	6.2899350	C Missetstraat	7005AA	55
51.9591827	6.2899475	C Missetstraat	7005AA	57
51.9592314	6.2899581	C Missetstraat	7005AA	59
51.9592753	6.2899686	C Missetstraat	7005AA	61
51.9593228	6.2899811	C Missetstraat	7005AA	63
51.9593679	6.2899897	C Missetstraat	7005AA	65
51.9590545	6.2899160	C Missetstraat	7005AA	67
51.9589619	6.2898949	C Missetstraat	7005AA	69
51.9600173	6.2907553	Stationsstraat	7005AT	6A
51.9599550	6.2908176	Stationsstraat	7005AT	6B
51.9598963	6.2908780	Stationsstraat	7005AT	6C
51.9598387	6.2909442	Stationsstraat	7005AT	6D
51.9597787	6.2910104	Stationsstraat	7005AT	6E
51.9597200	6.2910746	Stationsstraat	7005AT	6F
51.9596577	6.2911369	Stationsstraat	7005AT	6G
51.9595965	6.2912030	Stationsstraat	7005AT	6H
51.9589491	6.2900179	C Missetstraat	7005AA	71
51.9589438	6.2900851	C Missetstraat	7005AA	73
51.9589373	6.2901601	C Missetstraat	7005AA	75
51.9589296	6.2902350	C Missetstraat	7005AA	77
51.9589230	6.2903138	C Missetstraat	7005AA	79
51.9589153	6.2903944	C Missetstraat	7005AA	81
51.9589087	6.2904713	C Missetstraat	7005AA	83
51.9590520	6.2899352	C Missetstraat	7005AA	85
51.9589725	6.2899125	C Missetstraat	7005AA	87
51.9589597	6.2900238	C Missetstraat	7005AA	89
51.9600056	6.2907358	Stationsstraat	7005AT	8A
51.9599445	6.2907981	Stationsstraat	7005AT	8B
51.9598845	6.2908604	Stationsstraat	7005AT	8C
51.9598270	6.2909247	Stationsstraat	7005AT	8D
51.9597670	6.2909890	Stationsstraat	7005AT	8E
51.9597094	6.2910532	Stationsstraat	7005AT	8F
51.9596459	6.2911193	Stationsstraat	7005AT	8G
51.9595871	6.2911836	Stationsstraat	7005AT	8H
51.9590483	6.2899544	C Missetstraat	7005AA	91
51.9589854	6.2899320	C Missetstraat	7005AA	93
51.9589740	6.2900260	C Missetstraat	7005AA	95
51.9572814	6.2916647	Hamburgerbroeklaan	7005AJ	11
51.9576007	6.2933000	Hamburgerbroeklaan	7005AJ	22
51.9589140	6.2911901	Stationsstraat	7005AT	44
51.9588729	6.2915812	Stationsstraat	7005AT	40
51.9593419	6.2899680	C Missetstraat	7005AA	49
51.9588945	6.2918212	Stationsstraat	7005AT	38
51.9589988	6.2898918	C Missetstraat	7005AA	97
51.9591119	6.2917381	Stationsstraat	7005AT	28
51.9592644	6.2915429	Stationsstraat	7005AT	26
51.9578756	6.2949403	Hamburgerbroeklaan	7005AJ	14
51.9576627	6.2945660	Hamburgerbroeklaan	7005AJ	12
51.9581966	6.2949661	Hamburgerbroeklaan	7005AJ	20
51.9579908	6.2949494	Hamburgerbroeklaan	7005AJ	16
51.9580849	6.2949581	Hamburgerbroeklaan	7005AJ	18
51.9590221	6.2889881	Handelskade	7005AL	190
51.9590222	6.2889920	Handelskade	7005AL	188
51.9590220	6.2889822	Handelskade	7005AL	186
51.9590221	6.2889900	Handelskade	7005AL	184
51.9590220	6.2889842	Handelskade	7005AL	182
51.9590221	6.2889861	Handelskade	7005AL	180
51.9590219	6.2889803	Handelskade	7005AL	178
51.9590314	6.2889829	Handelskade	7005AL	176
51.9590330	6.2889922	Handelskade	7005AL	174
51.9590320	6.2889866	Handelskade	7005AL	172
51.9590324	6.2889885	Handelskade	7005AL	170
51.9590327	6.2889903	Handelskade	7005AL	168
51.9590317	6.2889848	Handelskade	7005AL	166
51.9590311	6.2889811	Handelskade	7005AL	164
51.9590391	6.2889901	Handelskade	7005AL	162
51.9590388	6.2889858	Handelskade	7005AL	160
51.9590392	6.2889915	Handelskade	7005AL	158
51.9590390	6.2889886	Handelskade	7005AL	156
51.9590389	6.2889872	Handelskade	7005AL	154
51.9590387	6.2889843	Handelskade	7005AL	152
51.9590387	6.2889829	Handelskade	7005AL	150
51.9547618	6.3009383	Gezellenlaan	7005AZ	8
51.9547788	6.3009399	Gezellenlaan	7005AZ	6
51.9579402	6.2975513	Terborgseweg	7005BC	102
51.9579379	6.2976536	Terborgseweg	7005BC	100
51.9588810	6.2912926	Stationsstraat	7005AT	14B
51.9589360	6.2901988	Stationsstraat	7005AT	14A
51.9583873	6.2899017	Havenstraat	7005AG	1A
51.9549780	6.2881207	Havenstraat	7005AG	20
51.9557043	6.2931424	Industriestraat	7005AN	17B
51.9461184	6.2964601	Kajuitstraat	7005BP	7
51.9616810	6.2926649	Terborgseweg	7005BA	34A
51.9616691	6.2896395	C Missetstraat	7005AA	5A
51.9617026	6.2896094	C Missetstraat	7005AA	5
51.9592414	6.2930368	Stationsstraat	7005AK	3
51.9526801	6.2983044	Vlijtstraat	7005BN	29
51.9622652	6.2893081	C Missetstraat	7005AA	3
51.9616379	6.2924932	Terborgseweg	7005BA	32B
51.9577997	6.2893144	Havenstraat	7005AG	1
51.9576571	6.2980378	Ambachtstraat	7005AM	9
51.9618424	6.2905956	Spinbaan	7005AD	15
51.9603234	6.2939128	Stationsstraat	7005AK	1
51.9589496	6.2917691	Stationsstraat	7005AT	34L
51.9589283	6.2917182	Stationsstraat	7005AT	34K
51.9589480	6.2917852	Stationsstraat	7005AT	32L
51.9589172	6.2917337	Stationsstraat	7005AT	32K
51.9589361	6.2918022	Stationsstraat	7005AT	30L
51.9589117	6.2917556	Stationsstraat	7005AT	30K
51.9548571	6.2939491	Fabriekstraat	7005AR	26C
51.9593269	6.2882721	Iseldoks	7005CZ	219
51.9593270	6.2882731	Iseldoks	7005CZ	217
51.9593268	6.2882735	Iseldoks	7005CZ	215
51.9593281	6.2882787	Iseldoks	7005CZ	213
51.9593289	6.2882789	Iseldoks	7005CZ	211
51.9593286	6.2882793	Iseldoks	7005CZ	209
51.9593285	6.2882778	Iseldoks	7005CZ	207
51.9593312	6.2882839	Iseldoks	7005CZ	205
51.9593310	6.2882843	Iseldoks	7005CZ	203
51.9593307	6.2882839	Iseldoks	7005CZ	201
51.9593307	6.2882843	Iseldoks	7005CZ	199
51.9593342	6.2882893	Iseldoks	7005CZ	197
51.9593345	6.2882905	Iseldoks	7005CZ	195
51.9593345	6.2882901	Iseldoks	7005CZ	193
51.9593340	6.2882897	Iseldoks	7005CZ	191
51.9593337	6.2882900	Iseldoks	7005CZ	189
51.9593365	6.2882939	Iseldoks	7005CZ	187
51.9593374	6.2882923	Iseldoks	7005CZ	185
51.9593360	6.2882954	Iseldoks	7005CZ	183
51.9593374	6.2882937	Iseldoks	7005CZ	181
51.9593354	6.2882968	Iseldoks	7005CZ	179
51.9523760	6.2896393	Havenstraat	7005AG	13A
51.9524667	6.2892578	Havenstraat	7005AG	13
51.9548758	6.2941007	Fabriekstraat	7005AR	26D
51.9561146	6.2918420	Ketelhuis	7005CA	22E
51.9561764	6.2917807	Ketelhuis	7005CA	22D
51.9562449	6.2917133	Ketelhuis	7005CA	22C
51.9563143	6.2916521	Ketelhuis	7005CA	22B
51.9563637	6.2916042	Ketelhuis	7005CA	22A
51.9560872	6.2915971	Ketelhuis	7005CA	20E
51.9561404	6.2915523	Ketelhuis	7005CA	20D
51.9561955	6.2915045	Ketelhuis	7005CA	20C
51.9562459	6.2914567	Ketelhuis	7005CA	20B
51.9562963	6.2914134	Ketelhuis	7005CA	20A
51.9531705	6.3012929	Gezellenlaan	7005AZ	14
51.9609449	6.2933148	Terborgseweg	7005BB	44B
51.9594252	6.2891607	Bolder	7005CB	3
51.9594183	6.2892260	Bolder	7005CB	1
51.9594301	6.2890947	Bolder	7005CB	5
51.9589717	6.2893651	Handelskade	7005AL	146
51.9590187	6.2893788	Handelskade	7005AL	144
51.9590668	6.2893890	Handelskade	7005AL	142
51.9591153	6.2893995	Handelskade	7005AL	140
51.9589538	6.2893580	Handelskade	7005AL	148
51.9593596	6.2894607	Handelskade	7005AL	130
51.9591651	6.2894134	Handelskade	7005AL	138
51.9592131	6.2894256	Handelskade	7005AL	136
51.9592621	6.2894373	Handelskade	7005AL	134
51.9593104	6.2894496	Handelskade	7005AL	132
51.9560475	6.2913085	Ketelhuis	7005CA	18E
51.9560865	6.2912681	Ketelhuis	7005CA	18D
51.9561245	6.2912368	Ketelhuis	7005CA	18C
51.9561606	6.2912024	Ketelhuis	7005CA	18B
51.9562053	6.2911574	Ketelhuis	7005CA	18A
51.9559744	6.2911115	Ketelhuis	7005CA	16E
51.9560220	6.2910667	Ketelhuis	7005CA	16D
51.9560619	6.2910308	Ketelhuis	7005CA	16C
51.9560971	6.2909964	Ketelhuis	7005CA	16B
51.9561371	6.2909574	Ketelhuis	7005CA	16A
51.9492552	6.3029245	Havenstraat	7005AG	61
51.9491626	6.3026712	Havenstraat	7005AG	59A
51.9563492	6.2997444	Terborgseweg	7005BC	112A
51.9549336	6.3020821	Terborgseweg	7005BD	136
51.9506324	6.2993775	Gildenstraat	7005BL	26
51.9600032	6.2895997	Handelskade	7005AL	110
51.9595141	6.2892142	Bolder	7005CB	2
51.9594951	6.2894794	Handelskade	7005AL	128
51.9597022	6.2888261	Iseldoks	7005CX	135
51.9599657	6.2888153	Iseldoks	7005CX	125
51.9598096	6.2895621	Handelskade	7005AL	118
51.9598867	6.2887969	Iseldoks	7005CX	127
51.9597204	6.2888311	Iseldoks	7005CX	133
51.9528159	6.2923906	Fabriekstraat	7005AP	41
51.9564126	6.2910206	Ketelhuis	7005CA	15B
51.9563651	6.2908875	Ketelhuis	7005CA	15A
51.9564509	6.2911367	Ketelhuis	7005CA	15C
51.9593490	6.2887525	Iseldoks	7005CZ	145
51.9593435	6.2883472	Iseldoks	7005CZ	173
51.9593243	6.2885832	Iseldoks	7005CZ	157
51.9593248	6.2885810	Iseldoks	7005CZ	167
51.9593485	6.2887525	Iseldoks	7005CZ	149
51.9593238	6.2885825	Iseldoks	7005CZ	161
51.9593436	6.2883468	Iseldoks	7005CZ	177
51.9593488	6.2887524	Iseldoks	7005CZ	143
51.9593242	6.2885827	Iseldoks	7005CZ	159
51.9593253	6.2885825	Iseldoks	7005CZ	169
51.9593243	6.2885825	Iseldoks	7005CZ	163
51.9593494	6.2887518	Iseldoks	7005CZ	147
51.9593435	6.2883470	Iseldoks	7005CZ	175
51.9593494	6.2887526	Iseldoks	7005CZ	151
51.9593373	6.2884231	Iseldoks	7005CZ	171
51.9593238	6.2885832	Iseldoks	7005CZ	155
51.9593490	6.2887518	Iseldoks	7005CZ	153
51.9593248	6.2885825	Iseldoks	7005CZ	165
51.9600701	6.2888388	Iseldoks	7005CX	121
51.9595925	6.2895063	Handelskade	7005AL	124
51.9595931	6.2888003	Iseldoks	7005CX	139
51.9598131	6.2887787	Iseldoks	7005CX	131
51.9598565	6.2895703	Handelskade	7005AL	116
51.9600323	6.2892428	Meerpaal	7005CW	1
51.9596115	6.2888044	Iseldoks	7005CX	137
51.9599240	6.2895805	Handelskade	7005AL	112
51.9598640	6.2887918	Iseldoks	7005CX	129
51.9595690	6.2895013	Handelskade	7005AL	126
51.9596872	6.2895321	Handelskade	7005AL	120
51.9595301	6.2890331	Bolder	7005CB	4
51.9599053	6.2895775	Handelskade	7005AL	114
51.9596382	6.2895220	Handelskade	7005AL	122
51.9600397	6.2891406	Meerpaal	7005CW	3
51.9599892	6.2888188	Iseldoks	7005CX	123
51.9593487	6.2887523	Iseldoks	7005CZ	141
51.9613185	6.2921938	Melkweg	7005AH	4B
51.9615823	6.2927611	Terborgseweg	7005BA	36
51.9456882	6.2999282	Roerstraat	7005BS	15
51.9557267	6.2924789	Industriestraat	7005AN	19B
51.9558748	6.2921175	Industriestraat	7005AN	19A
51.9547907	6.2902261	Industriestraat	7005AN	29
51.9627466	6.2915688	Spinbaan	7005AD	2
51.9613788	6.2902296	C Missetstraat	7005AA	9A
51.9563221	6.2945616	Industriestraat	7005AN	1A-08
51.9565603	6.2945175	Industriestraat	7005AN	1A-09
51.9564686	6.2947754	Industriestraat	7005AN	1A-05
51.9564318	6.2947823	Industriestraat	7005AN	1A-06
51.9565886	6.2947595	Industriestraat	7005AN	1A-02
51.9565064	6.2947731	Industriestraat	7005AN	1A-04
51.9566104	6.2946240	Industriestraat	7005AN	1A-01
51.9563949	6.2947892	Industriestraat	7005AN	1A-07
51.9565489	6.2947663	Industriestraat	7005AN	1A-03
51.9566855	6.2952652	Industriestraat	7005AN	1E
51.9626426	6.2905236	Kommedwarssteeg	7005AC	7
51.9626517	6.2905149	Kommedwarssteeg	7005AC	1
51.9625969	6.2905669	Kommedwarssteeg	7005AC	15
51.9625878	6.2905755	Kommedwarssteeg	7005AC	23
51.9625650	6.2905972	Kommedwarssteeg	7005AC	33A
51.9625787	6.2905842	Kommedwarssteeg	7005AC	27
51.9626609	6.2905063	Kommedwarssteeg	7005AC	33
51.9626061	6.2905582	Kommedwarssteeg	7005AC	47
51.9625741	6.2905885	Kommedwarssteeg	7005AC	29
51.9626654	6.2905019	Kommedwarssteeg	7005AC	21
51.9626335	6.2905322	Kommedwarssteeg	7005AC	5
51.9626746	6.2904933	Kommedwarssteeg	7005AC	45
51.9625832	6.2905799	Kommedwarssteeg	7005AC	19
51.9626563	6.2905106	Kommedwarssteeg	7005AC	17A
51.9626700	6.2904976	Kommedwarssteeg	7005AC	37
51.9626198	6.2905452	Kommedwarssteeg	7005AC	17
51.9626380	6.2905279	Kommedwarssteeg	7005AC	3
51.9626289	6.2905366	Kommedwarssteeg	7005AC	9
51.9626792	6.2904889	Kommedwarssteeg	7005AC	43
51.9626106	6.2905539	Kommedwarssteeg	7005AC	35
51.9626152	6.2905496	Kommedwarssteeg	7005AC	13
51.9625695	6.2905929	Kommedwarssteeg	7005AC	39
51.9625924	6.2905712	Kommedwarssteeg	7005AC	25
51.9626837	6.2904846	Kommedwarssteeg	7005AC	31
51.9626472	6.2905192	Kommedwarssteeg	7005AC	1A
51.9626015	6.2905625	Kommedwarssteeg	7005AC	41
51.9523100	6.2883971	Havenstraat	7005AG	36
51.9479884	6.2990793	Havenstraat	7005AG	49
51.9566793	6.2924603	Ketelhuis	7005CA	28
51.9564537	6.2918412	Ketelhuis	7005CA	24A
51.9565981	6.2906756	Ketelhuis	7005CA	13B
51.9563302	6.2919517	Ketelhuis	7005CA	24D
51.9563186	6.2922249	Ketelhuis	7005CA	26E
51.9565220	6.2920427	Ketelhuis	7005CA	26A
51.9562883	6.2919937	Ketelhuis	7005CA	24E
51.9567996	6.2908080	Ketelhuis	7005CA	13C
51.9562663	6.2922804	Ketelhuis	7005CA	26F
51.9564089	6.2918811	Ketelhuis	7005CA	24B
51.9563737	6.2921833	Ketelhuis	7005CA	26D
51.9567194	6.2905597	Ketelhuis	7005CA	13A
51.9563673	6.2919143	Ketelhuis	7005CA	24C
51.9566402	6.2913486	Ketelhuis	7005CA	17
51.9564697	6.2920875	Ketelhuis	7005CA	26B
51.9564184	6.2921399	Ketelhuis	7005CA	26C
51.9528514	6.2934514	Fabriekstraat	7005AP	39-06
51.9530746	6.2947181	Fabriekstraat	7005AP	39-07
51.9620262	6.2881230	Iseldoks	7005CX	23
51.9620281	6.2881230	Iseldoks	7005CX	55
51.9604931	6.2885697	Het Eiland	7005CV	45
51.9614650	6.2888237	Dukdalf	7005CT	4
51.9602791	6.2882668	Het Eiland	7005CV	101
51.9606215	6.2889706	Iseldoks	7005CX	101
51.9620286	6.2881196	Iseldoks	7005CX	77
51.9620266	6.2881166	Iseldoks	7005CX	69
51.9610440	6.2883170	Het Eiland	7005CV	3
51.9620283	6.2881229	Iseldoks	7005CX	63
51.9616554	6.2889527	Handelskade	7005AL	20
51.9620267	6.2881257	Iseldoks	7005CX	59
51.9598241	6.2881155	Het Eiland	7005CV	97
51.9620305	6.2881227	Iseldoks	7005CX	65
51.9615713	6.2890312	Handelskade	7005AL	24
51.9620261	6.2881231	Iseldoks	7005CX	21
51.9602528	6.2885140	Het Eiland	7005CV	55
51.9603713	6.2896905	Handelskade	7005AL	100
51.9620286	6.2881166	Iseldoks	7005CX	85
51.9610460	6.2883170	Het Eiland	7005CV	19
51.9614187	6.2886935	Dukdalf	7005CT	8
51.9620284	6.2881228	Iseldoks	7005CX	83
51.9620267	6.2881165	Iseldoks	7005CX	81
51.9598212	6.2881141	Het Eiland	7005CV	83
51.9610445	6.2883187	Het Eiland	7005CV	7
51.9605411	6.2885809	Het Eiland	7005CV	43
51.9602029	6.2885023	Het Eiland	7005CV	57
51.9598223	6.2881109	Het Eiland	7005CV	73
51.9620264	6.2881168	Iseldoks	7005CX	45
51.9602796	6.2882660	Het Eiland	7005CV	117
51.9603824	6.2896927	Handelskade	7005AL	98
51.9602420	6.2896570	Handelskade	7005AL	104
51.9604193	6.2889149	Iseldoks	7005CX	111
51.9621109	6.2882268	Iseldoks	7005CX	1
51.9620264	6.2881198	Iseldoks	7005CX	75
51.9606072	6.2889686	Iseldoks	7005CX	103
51.9603489	6.2885363	Het Eiland	7005CV	51
51.9602782	6.2882660	Het Eiland	7005CV	121
51.9620248	6.2881195	Iseldoks	7005CX	37
51.9610449	6.2883186	Het Eiland	7005CV	21
51.9598212	6.2881111	Het Eiland	7005CV	77
51.9610449	6.2883155	Het Eiland	7005CV	15
51.9620229	6.2881195	Iseldoks	7005CX	71
51.9610470	6.2883186	Het Eiland	7005CV	25
51.9619497	6.2886780	Handelskade	7005AL	6
51.9606889	6.2886214	Het Eiland	7005CV	37
51.9601340	6.2895121	Handelskade	7005AL	108
51.9602796	6.2882658	Het Eiland	7005CV	115
51.9602801	6.2882660	Het Eiland	7005CV	105
51.9620229	6.2881226	Iseldoks	7005CX	39
51.9615281	6.2890716	Handelskade	7005AL	26
51.9620264	6.2881229	Iseldoks	7005CX	29
51.9603383	6.2888957	Iseldoks	7005CX	113
51.9602886	6.2896717	Handelskade	7005AL	102
51.9598240	6.2881157	Het Eiland	7005CV	91
51.9605107	6.2889417	Iseldoks	7005CX	107
51.9617395	6.2888742	Handelskade	7005AL	16
51.9620249	6.2881165	Iseldoks	7005CX	47
51.9600126	6.2884584	Het Eiland	7005CV	63
51.9620304	6.2881258	Iseldoks	7005CX	53
51.9618657	6.2887565	Handelskade	7005AL	10
51.9620247	6.2881197	Iseldoks	7005CX	15
51.9620284	6.2881258	Iseldoks	7005CX	73
51.9601717	6.2896470	Handelskade	7005AL	106
51.9619929	6.2886377	Handelskade	7005AL	4
51.9601101	6.2884810	Het Eiland	7005CV	59
51.9598222	6.2881155	Het Eiland	7005CV	85
51.9620245	6.2881167	Iseldoks	7005CX	19
51.9605892	6.2885920	Het Eiland	7005CV	41
51.9598204	6.2881109	Het Eiland	7005CV	95
51.9610441	6.2883200	Het Eiland	7005CV	17
51.9602777	6.2882667	Het Eiland	7005CV	113
51.9614885	6.2888896	Dukdalf	7005CT	2
51.9620266	6.2881197	Iseldoks	7005CX	79
51.9598223	6.2881124	Het Eiland	7005CV	93
51.9600607	6.2884695	Het Eiland	7005CV	61
51.9605305	6.2889482	Iseldoks	7005CX	105
51.9604549	6.2897107	Handelskade	7005AL	96
51.9620247	6.2881166	Iseldoks	7005CX	35
51.9620228	6.2881196	Iseldoks	7005CX	57
51.9620223	6.2881200	Iseldoks	7005CX	9
51.9601641	6.2893058	Meerpaal	7005CW	4
51.9620211	6.2881195	Iseldoks	7005CX	3
51.9610451	6.2883185	Het Eiland	7005CV	29
51.9603970	6.2885475	Het Eiland	7005CV	49
51.9610442	6.2883154	Het Eiland	7005CV	11
51.9610441	6.2883170	Het Eiland	7005CV	5
51.9601753	6.2891611	Meerpaal	7005CW	8
51.9603009	6.2885252	Het Eiland	7005CV	53
51.9605459	6.2897288	Handelskade	7005AL	92
51.9598222	6.2881126	Het Eiland	7005CV	71
51.9602792	6.2882673	Het Eiland	7005CV	103
51.9602797	6.2882656	Het Eiland	7005CV	109
51.9620286	6.2881257	Iseldoks	7005CX	87
51.9598242	6.2881110	Het Eiland	7005CV	89
51.9604326	6.2889185	Iseldoks	7005CX	109
51.9620226	6.2881198	Iseldoks	7005CX	51
51.9602449	6.2888729	Iseldoks	7005CX	117
51.9604738	6.2897141	Handelskade	7005AL	94
51.9610447	6.2883186	Het Eiland	7005CV	13
51.9620259	6.2881202	Iseldoks	7005CX	27
51.9620305	6.2881196	Iseldoks	7005CX	61
51.9602791	6.2882675	Het Eiland	7005CV	107
51.9610432	6.2883185	Het Eiland	7005CV	9
51.9620265	6.2881228	Iseldoks	7005CX	31
51.9610430	6.2883185	Het Eiland	7005CV	1
51.9601821	6.2889709	Iseldoks	7005CX	119
51.9598216	6.2881115	Het Eiland	7005CV	69
51.9620225	6.2881199	Iseldoks	7005CX	17
51.9598211	6.2881113	Het Eiland	7005CV	75
51.9598213	6.2881124	Het Eiland	7005CV	81
51.9616975	6.2889134	Handelskade	7005AL	18
51.9605683	6.2897289	Handelskade	7005AL	90
51.9606372	6.2886032	Het Eiland	7005CV	39
51.9606390	6.2897426	Handelskade	7005AL	88
51.9620229	6.2881256	Iseldoks	7005CX	13
51.9608166	6.2884971	Het Eiland	7005CV	31
51.9602806	6.2882674	Het Eiland	7005CV	99
51.9620265	6.2881258	Iseldoks	7005CX	41
51.9598213	6.2881140	Het Eiland	7005CV	87
51.9620262	6.2881199	Iseldoks	7005CX	67
51.9601614	6.2893362	Meerpaal	7005CW	2
51.9602792	6.2882652	Het Eiland	7005CV	111
51.9620267	6.2881226	Iseldoks	7005CX	49
51.9604450	6.2885586	Het Eiland	7005CV	47
51.9598213	6.2881109	Het Eiland	7005CV	79
51.9607329	6.2885748	Het Eiland	7005CV	35
51.9601714	6.2891959	Meerpaal	7005CW	6
51.9614422	6.2887594	Dukdalf	7005CT	6
51.9603276	6.2888937	Iseldoks	7005CX	115
51.9620261	6.2881201	Iseldoks	7005CX	43
51.9599151	6.2884358	Het Eiland	7005CV	67
51.9617816	6.2888350	Handelskade	7005AL	14
51.9620246	6.2881258	Iseldoks	7005CX	7
51.9606994	6.2890925	Iseldoks	7005CX	99
51.9616134	6.2889919	Handelskade	7005AL	22
51.9610470	6.2883201	Het Eiland	7005CV	27
51.9607750	6.2885357	Het Eiland	7005CV	33
51.9620267	6.2881196	Iseldoks	7005CX	91
51.9620248	6.2881256	Iseldoks	7005CX	33
51.9602805	6.2882676	Het Eiland	7005CV	119
51.9599646	6.2884472	Het Eiland	7005CV	65
51.9620286	6.2881227	Iseldoks	7005CX	89
51.9618236	6.2887957	Handelskade	7005AL	12
51.9620210	6.2881225	Iseldoks	7005CX	11
51.9610451	6.2883155	Het Eiland	7005CV	23
51.9620246	6.2881227	Iseldoks	7005CX	5
51.9620248	6.2881226	Iseldoks	7005CX	25
51.9619077	6.2887172	Handelskade	7005AL	8
51.9458397	6.2982939	Roerstraat	7005BR	2
51.9525084	6.2909316	Havenstraat	7005AG	13D-06
51.9524589	6.2901272	Havenstraat	7005AG	13D-01
51.9524583	6.2904509	Havenstraat	7005AG	13D-03
51.9524610	6.2906432	Havenstraat	7005AG	13D-04
51.9524889	6.2908334	Havenstraat	7005AG	13D-05
51.9524568	6.2902860	Havenstraat	7005AG	13D-02
51.9528105	6.2903087	Havenstraat	7005AG	13C-03
51.9529445	6.2908002	Havenstraat	7005AG	13C-06
51.9527653	6.2900481	Havenstraat	7005AG	13C-01
51.9528040	6.2899236	Havenstraat	7005AG	13B-01
51.9529222	6.2902651	Havenstraat	7005AG	13B-04
51.9529456	6.2904122	Havenstraat	7005AG	13B-05
51.9528590	6.2906274	Havenstraat	7005AG	13C-05
51.9528826	6.2900138	Havenstraat	7005AG	13B-02
51.9527888	6.2901799	Havenstraat	7005AG	13C-02
51.9529024	6.2901425	Havenstraat	7005AG	13B-03
51.9528340	6.2904466	Havenstraat	7005AG	13C-04
51.9529745	6.2905808	Havenstraat	7005AG	13B-06
51.9527501	6.2899204	Havenstraat	7005AG	13C
51.9544450	6.2954912	Fabriekstraat	7005AP	29
51.9558081	6.2952377	Fabriekstraat	7005AR	18H
51.9557563	6.2953400	Fabriekstraat	7005AR	18K
51.9554181	6.2953826	Fabriekstraat	7005AR	18E
51.9551757	6.2954877	Fabriekstraat	7005AR	18C
51.9559368	6.2951976	Fabriekstraat	7005AR	18J
51.9555657	6.2953367	Fabriekstraat	7005AR	18F
51.9556907	6.2952904	Fabriekstraat	7005AR	18G
51.9553196	6.2954295	Fabriekstraat	7005AR	18D
51.9417768	6.3099896	Kemnaderallee	7005GB	11

